{
    "name": "root",
    "gauges": {
        "boat.Policy.Entropy.mean": {
            "value": 0.7675677537918091,
            "min": 0.6108313798904419,
            "max": 0.8488531708717346,
            "count": 150
        },
        "boat.Policy.Entropy.sum": {
            "value": 7516.0234375,
            "min": 5082.1171875,
            "max": 9660.564453125,
            "count": 150
        },
        "boat.Step.mean": {
            "value": 5999900.0,
            "min": 4509985.0,
            "max": 5999900.0,
            "count": 150
        },
        "boat.Step.sum": {
            "value": 5999900.0,
            "min": 4509985.0,
            "max": 5999900.0,
            "count": 150
        },
        "boat.Policy.ExtrinsicValueEstimate.mean": {
            "value": 352.2220153808594,
            "min": 343.2926025390625,
            "max": 354.09112548828125,
            "count": 150
        },
        "boat.Policy.ExtrinsicValueEstimate.sum": {
            "value": 27473.318359375,
            "min": 26776.822265625,
            "max": 30940.22265625,
            "count": 150
        },
        "boat.IsTraining.mean": {
            "value": 1.0,
            "min": 1.0,
            "max": 1.0,
            "count": 150
        },
        "boat.IsTraining.sum": {
            "value": 1.0,
            "min": 1.0,
            "max": 1.0,
            "count": 150
        },
        "boat.Losses.PolicyLoss.mean": {
            "value": 0.015576582179831652,
            "min": 0.008457700799529752,
            "max": 0.021956811482651217,
            "count": 72
        },
        "boat.Losses.PolicyLoss.sum": {
            "value": 0.015576582179831652,
            "min": 0.008457700799529752,
            "max": 0.021956811482651217,
            "count": 72
        },
        "boat.Losses.ValueLoss.mean": {
            "value": 122.60350646972657,
            "min": 112.6566172281901,
            "max": 1497.9433268229166,
            "count": 72
        },
        "boat.Losses.ValueLoss.sum": {
            "value": 122.60350646972657,
            "min": 112.6566172281901,
            "max": 1497.9433268229166,
            "count": 72
        },
        "boat.Policy.LearningRate.mean": {
            "value": 1.842999386000011e-07,
            "min": 1.842999386000011e-07,
            "max": 7.384802538401667e-05,
            "count": 72
        },
        "boat.Policy.LearningRate.sum": {
            "value": 1.842999386000011e-07,
            "min": 1.842999386000011e-07,
            "max": 7.384802538401667e-05,
            "count": 72
        },
        "boat.Policy.Epsilon.mean": {
            "value": 0.1000614,
            "min": 0.1000614,
            "max": 0.12461598333333335,
            "count": 72
        },
        "boat.Policy.Epsilon.sum": {
            "value": 0.1000614,
            "min": 0.1000614,
            "max": 0.12461598333333335,
            "count": 72
        },
        "boat.Policy.Beta.mean": {
            "value": 1.3063860000000021e-05,
            "min": 1.3063860000000021e-05,
            "max": 0.0012383375683333337,
            "count": 72
        },
        "boat.Policy.Beta.sum": {
            "value": 1.3063860000000021e-05,
            "min": 1.3063860000000021e-05,
            "max": 0.0012383375683333337,
            "count": 72
        },
        "boat.Environment.EpisodeLength.mean": {
            "value": 4699.0,
            "min": 4683.5,
            "max": 4766.0,
            "count": 20
        },
        "boat.Environment.EpisodeLength.sum": {
            "value": 4699.0,
            "min": 4699.0,
            "max": 127536.0,
            "count": 20
        },
        "boat.Environment.CumulativeReward.mean": {
            "value": 16844.798370361328,
            "min": 16742.18842163086,
            "max": 16844.798370361328,
            "count": 20
        },
        "boat.Environment.CumulativeReward.sum": {
            "value": 16844.798370361328,
            "min": 16803.140258789062,
            "max": 453856.6103210449,
            "count": 20
        },
        "boat.Policy.ExtrinsicReward.mean": {
            "value": 16844.798370361328,
            "min": 16742.18842163086,
            "max": 16844.798370361328,
            "count": 20
        },
        "boat.Policy.ExtrinsicReward.sum": {
            "value": 16844.798370361328,
            "min": 16803.140258789062,
            "max": 453856.6103210449,
            "count": 20
        }
    },
    "metadata": {
        "timer_format_version": "0.1.0",
        "start_time_seconds": "1682022283",
        "python_version": "3.7.6 (tags/v3.7.6:43364a7ae0, Dec 19 2019, 00:42:30) [MSC v.1916 64 bit (AMD64)]",
        "command_line_arguments": "C:\\VKR\\On-The-Waves\\venv\\Scripts\\mlagents-learn config\\skillConfig.yaml --run-id skillBoat --resume --time-scale 5 --torch-device cuda",
        "mlagents_version": "0.29.0",
        "mlagents_envs_version": "0.29.0",
        "communication_protocol_version": "1.5.0",
        "pytorch_version": "1.13.1+cu117",
        "numpy_version": "1.21.2",
        "end_time_seconds": "1682023105"
    },
    "total": 821.4474529,
    "count": 1,
    "self": 0.005364500000041517,
    "children": {
        "run_training.setup": {
            "total": 0.05052100000000004,
            "count": 1,
            "self": 0.05052100000000004
        },
        "TrainerController.start_learning": {
            "total": 821.3915674,
            "count": 1,
            "self": 1.0161616000036702,
            "children": {
                "TrainerController._reset_env": {
                    "total": 5.3070407,
                    "count": 1,
                    "self": 5.3070407
                },
                "TrainerController.advance": {
                    "total": 815.0029329999962,
                    "count": 47125,
                    "self": 0.5298094999876639,
                    "children": {
                        "env_step": {
                            "total": 814.4731235000086,
                            "count": 47125,
                            "self": 410.5160541000256,
                            "children": {
                                "SubprocessEnvManager._take_step": {
                                    "total": 403.4548753999943,
                                    "count": 47125,
                                    "self": 2.5865467999929024,
                                    "children": {
                                        "TorchPolicy.evaluate": {
                                            "total": 400.8683286000014,
                                            "count": 46935,
                                            "self": 120.94078430000206,
                                            "children": {
                                                "TorchPolicy.sample_actions": {
                                                    "total": 279.92754429999934,
                                                    "count": 46935,
                                                    "self": 279.92754429999934
                                                }
                                            }
                                        }
                                    }
                                },
                                "workers": {
                                    "total": 0.5021939999886627,
                                    "count": 47125,
                                    "self": 0.0,
                                    "children": {
                                        "worker_root": {
                                            "total": 815.7766804000051,
                                            "count": 47125,
                                            "is_parallel": true,
                                            "self": 496.73138070000635,